18017331,ULV South,AEON BINH DUONG NEW CITY,11.04739920000001,106.67939380000000,1
15202722,ULV South,CONG TY TNHH AEON VIET NAM,10.93179300000000,106.71170100000000,1
15277739,ULV South,CONG TY TNHH AEON VIET NAM-CHI NHANH,10.74260100000000,106.61166100000000,1
15474923,ULV North,AEON HA DONG,20.98970370000000,105.75171689999999,1
15533160,ULV North,AEON HAI PHONG,20.83598400455822,106.67614766931626,1
15178318,ULV South,CONG TY TNHH AEON VIET NAM,10.80171600000000,106.61793200000000,1
18013787,ULV North,AKAJUKY - Hà Nội,21.06467070000000,105.88918360000001,1
15237214,ULV South,CONG TY TNHH AN HUU PHAT,12.67276800000000,108.03954300000000,1
15085676,ULV South,CTY TNHH TM-DV-VT AN KHUONG,10.93141300000000,107.24856600000000,1
15314378,ULV South,CONG TY CO PHAN AN PHU,12.67216400000000,108.02102400000000,1
15539395,ULV South,CONG TY TNHH AN THINH KHANG ATK,10.73774230000000,106.61458459999997,1
15221448,ULV South,CTY TNHH TMDV ANH NINH,11.55396000000000,107.80906500000000,1
15359457,ULV South,CTY TNHH MTV SX VA CUNG CAP THIET BI ANH,11.99991600000000,107.69545800000000,1
15543408,ULV South,BHX-BLI-BLI - KHO DC BAC LIEU,9.29797530677911,105.70577790000002,1
15557271,ULV South,BHX - BTR - CTH - KHO DC BEN TRE,10.26803049934740,106.39208814999996,1
15497801,ULV South,BHX_DLA_BMT - KHO DC BUON MA THUOT,12.73356650000002,108.08155530000000,1
15486071,ULV South,BACH HOA XANH - CAM RANH,11.90285530000001,109.14701730000002,1
15522041,ULV South,BHX-LAN-CDU - KHO DC CAN DUOC,10.58430290000001,106.51421690000000,1
15498747,ULV South,BHX-HGI-CTH - KHO DC MAI DAM (KHO TAM),9.93437084827586,105.83878639999999,1
15543409,ULV South,BHX-KHH-DKH - KHO DC DIEN KHANH,12.28199494151170,109.12631760000001,1
15555110,ULV South,BHX-BPH-DPH - KHO DC DONG PHU,11.47494578451499,106.93588479999998,1
15502220,ULV South,BHX-LDO-DTR - KHO DC DUC TRONG (KHO TAM),11.75339950000000,108.39016020000000,1
15532407,ULV South,BHX-BTH-HTN - KHO DC HAM THUAN NAM,10.93984439999999,108.01535530000001,1
15462632,ULV South,BHX-HGI-PHI - KHO DC HAU GIANG,9.89714660000001,105.66739440000003,1
15502221,ULV South,BHX-TNI-HTH - KHO DC HOA THANH,11.24748550000001,106.11821620000002,1
15574183,ULV South,BHX-KGI-CTH - KHO DC KIEN GIANG,9.98887290000002,105.12723510000001,1
15399073,ULV South,BHX-HCM-TPH - 78 LE LANG,10.78403460000001,106.62440390000006,1
15371647,ULV South,BHX HCM LE MINH XUAN 1,10.77686000000000,106.51193900000000,1
18013147,ULV South,BHX_HCM_BCH - KHO DC TRAN DAI NGHIA,10.73698680000001,106.55624709999996,1
15417874,ULV South,BHX-DON-BHO - KHO DC LONG BINH,10.92246305382588,106.88484840000001,1
15501674,ULV South,BHX-HGI-CTA - KHO DC CHAU THANH A,9.92235610399658,105.69791540000000,1
15412797,ULV South,BHX-TGI-MTH-KHO DC MY THO,10.34493220000001,106.33501769999998,1
15399071,ULV South,BHX-HCM-GVA - 26 NGUYEN THUONG HIEN,10.81282600000002,106.68527689999996,1
15499137,ULV South,BHX-HCM-NBE - KHO DC NHA BE,10.60098919999998,106.75884940000000,1
15406185,ULV South,BHX-HCM-KHO DC PHU HUU,10.79026658727864,106.79948255000000,1
15532406,ULV South,BHX-BRV-PMY - KHO DC PHU MY,10.60320180000001,107.11300699999998,1
15574737,ULV South,BHX-HCM-CCH - KHO DC TAN PHU TRUNG,10.93149527917853,106.54079540000002,1
15544444,ULV South,BHX - CTH - TNO - KHO DC THOT NOT,10.25465223172786,105.53782709999999,1
15432726,ULV South,4932-BHX-CTH-TNO - KHO DC THOT NOT,10.29039860000001,105.50640870000007,1
15480657,ULV South,BHX-BDU-TAN - KHO DC THUAN AN,10.96944469999998,106.74207419999993,1
15399072,ULV South,BHX-HCM-TPH - 28 TRINH DINH THAO,10.77467460000000,106.63596230000007,1
15371646,ULV South,CONG TY CO PHAN THUONG MAI BACH HOA XANH,10.82651300000000,106.59333500000000,1
15398902,ULV South,BACH HOA XANH ONLINE VUIVUI,10.82646260003494,106.59337045000007,1
15543410,ULV South,BHX-LDO-DTR - KHO DC DUC TRONG,11.68942009485123,108.35073319999998,1
15477112,ULV South,CONG TY TNHH MTV BAO AN DONG THAP,10.55753486692596,105.49761824999996,1
15309051,ULV South,CONG TY TNHH THUONG MAI VA DICH VU BAO,12.05811600000000,109.16044600000000,1
15251810,ULV South,DOANH NGHEP TU NHAN TONG HOP THUONG MAI,13.77343100000000,109.22463500000000,1
15189967,ULV South,CONG TY TNHH MTV BE LAN,11.65775900000000,106.61200300000000,1
15499135,ULV South,BHX-HCM-Q09 - KHO BHX ONLINE QUAN 9.,10.82561569999999,106.78403390000001,1
15182427,ULV South,CONG TY TNHH 01 TV TM-DV BICH HUONG,10.30576800000000,105.74685400000000,1
18026829,ULV South,SIEU THI GO! RACH GIA,9.99921880000004,105.08329600000000,1
15195661,ULV South,CONG TY TNHH DICH VU EB,10.77133700000000,106.59173800000000,1
15178268,ULV South,CUA HANG BIG C AN PHU,10.80173200000000,106.74684000000000,1
15312740,ULV South,SIEU THI EB AU CO,10.78983500000000,106.63984200000000,1
15543414,ULV South,SIEU THI GO! BA RIA,10.49486498177435,107.17452110000002,1
15521174,ULV South,BIG C GO BEN TRE,10.25440950000000,106.35953500000000,1
15134229,ULV South,BIG C BINH DUONG,10.99508900000000,106.65761700000000,1
15499138,ULV South,BIG C GO BUON ME THUOT,12.66619440000002,108.03824750000000,1
15130745,ULV South,BIG C CAN THO,10.01436300000000,105.78481900000000,1
15161975,ULV South,SIEU THI BIG C DA LAT,11.93802900000000,108.44348000000000,1
15150032,ULV South,BIG C DI AN,10.89068300000000,106.78463500000000,1
18018023,ULV Central,GO! DIEN BAN,15.92293667830566,108.24624720000001,1
15192556,ULV South,ESPACE BIG C DONG NAI,10.90211900000000,106.85258200000000,1
50100063,ULV North,BIG C GADEN MALL,21.01529000000000,105.77781200000000,1
15574904,ULV South,SIEU THI GO! GO DAU,11.07420240000002,106.28355330000001,1
50100319,ULV South,BIG C GO VAP,10.82854700000000,106.67475000000000,1
15611111,ULV North,BIG C GO! LAO CAI,22.43397309999997,104.01606389999998,1
15477356,ULV South,SIEU THI EB NEW CITY,10.72908359999999,106.71887310000000,1
15103178,ULV North,BIG C HDUONG,20.95014900000000,106.34287000000000,1
15228736,ULV North,BIG C HO GUOM PLAZA,20.97900800000000,105.78563800000000,1
15192553,ULV North,BIG C HPHONG,20.84549709999999,106.70742230000002,1
15192555,ULV Central,BIG C HUE,1.00000000000000,16.45986500000000,1
50100296,ULV South,BIG C HOANG VAN THU,10.80032000000000,106.66983600000000,1
15097045,ULV North,BIG C LONG BIEN,21.05059700000002,105.89304900000002,1
116,CRV NORTH,116 - BIG C LONG BIEN,21.04938530000001,105.89269570000000,1
15109785,ULV North,BIG C ME LINH,21.18671300000000,105.78251600000000,1
119,CRV NORTH,119 - BIG C ME LINH,21.18740269999998,105.78229309999998,1
50100247,ULV South,CONG TY TNHH DICH VU EB,10.77781600000000,106.66494000000000,1
15542490,ULV South,KHO DC BIGC MIEN NAM 806,10.65230600000001,106.72943100000000,1
15403631,ULV South,SIEU THI BIG C MY THO,10.35923080088682,106.34573169999999,1
15192559,ULV North,BIG C NAM DINH,20.43788349999999,106.15225360000001,1
15202071,ULV South,SIEU THI BIG C NHA TRANG,12.25582900000000,109.16999300000000,1
18011883,ULV South,GO! NHON TRACH,10.73376190000000,106.92949940000003,1
15635706,ULV South,GO! PHU MY,10.55835656681249,107.10584729999998,1
50100580,ULV South,CTY TNHH ESPACE BUSINESS PHU THANH,10.77985100000000,106.63129300000000,1
15244365,ULV South,SIEU THI EB NEW CITY,10.73827300000000,106.71638400000000,1
14990451,ULV Central,BIG C QUANG NGAI,15.11054725474262,108.80887215000001,1
15480451,ULV Central,BIG C QUANG NGAI,15.11272869906885,108.80753084999998,1
15500918,ULV Central,BIG C GO TAM KY,15.56911095175198,108.48914330000001,1
15253626,ULV South,BIG C TAN HIEP,10.96652400000000,106.85474400000000,1
15144347,ULV South,BIG C TAN PHU,10.80827900000000,106.63289100000000,1
18000984,ULV South,GO! TAN UYEN,11.08415960000001,106.78834160000000,1
104,CRV NORTH,104 - BIG C THANG LONG,21.00739209999997,105.79311980000003,1
15106438,ULV North,BIG C THANH HOA,19.80542700000000,105.80216599999999,1
15295974,ULV South,SIEU THI BIG C THAO DIEN,10.80152600000000,106.73293800000000,1
15628943,ULV South,TOPS MARKET MOONLIGHT,10.84078022363590,106.76294710000000,1
15483188,ULV South,SIEU THI BIG C TRA VINH,9.92010310000000,106.32286890000000,1
15192557,ULV North,BIG C VINH,18.66606999999999,105.67445600000000,1
15560668,ULV South,KHO DC BIGC NEWLAND MIEN NAM,10.89253870000001,106.81743170000000,1
15260206,ULV South,DOANH NGHIEP TU NHAN BINH HONG,11.52387900000000,106.90423800000000,1
15293493,ULV South,CONG TY CP DIEN TU DIEN LANH BINH MINH,10.70666800000000,106.62210100000000,1
50100403,ULV South,CTY CP THUONG NGHIEP CA MAU,9.18005000000000,105.14767200000000,1
15201584,ULV South,CHI NHANH CONG TY CO PHAN THUONG NGHIEP,9.29670000000000,105.70264900000000,1
15405152,ULV South,CN CONG TY CP TN CA MAU TAI DONG THAP,10.48070425045202,105.61277805000009,1
15392912,ULV South,CN CTY CPTN CA MAU TAI HAU GIANG,9.74777495000011,105.56333115000007,1
50100598,ULV South,CTY CP TN CA MAU,9.22341800000000,105.42438000000000,1
15173013,ULV South,CHI NHANH CONG TY CPTN CA MAU TAI,9.76180200000000,105.01557000000000,1
50100566,ULV South,CTY CP TN CA MAU,9.57046700000000,105.60736800000000,1
15260213,ULV South,CN CTY CP THUONG NGHIEP CA MAU TAI,9.75527300000000,105.00368700000000,1
15371649,ULV South,CN CTY CP THUONG NGHIEP CA MAU TAI SOC,9.58202800000000,105.95924600000000,1
50100565,ULV South,CTY CP TN CA MAU,9.32418600000000,105.98017800000000,1
15332269,ULV South,CN CUA HANG PHAN PHOI HANG TIEU DUNG,9.22599400000000,105.41241100000000,1
15463055,ULV North,CHI NHANH CONG TY CO PHAN ETON TAI,20.95486134604530,105.84122031824646,1
15471878,ULV South,CTY TNHH MTV TM DV CHIEU HUNG PHAT,10.38267530000002,104.46870250000006,1
15186298,ULV South,CTY TNHH MTV HOI NHAP PHAT TRIEN,10.98160700000000,106.65602400000000,1
15186313,ULV South,CTY TNHH MTV HOI NHAP PHAT TRIEN,10.75259700000000,106.72709800000000,1
15481561,ULV North,CN BAC KAN - CTY CPDV TMTH VINCOMME,14.35463554197870,108.01171279999998,1
50100262,ULV Central,CN CTY TNHH MM MEGA MARKET (VIET NAM),1.00000000000000,16.02074500000000,1
50100561,ULV Central,CN CTY TNHH NGUYEN MINH HOANG,1.00000000000000,15.75360800000000,1
15346752,ULV Central,CN DA NANG CTY CPDV TMTH VINCOMMERCE,1.00000000000000,16.07155300000000,1
15346756,ULV North,CN HA LONG CTY CPDV TMTH VINCOMMERC,20.95171700000000,107.08520400000000,1
15404352,ULV North,CN HA NAM - CTY CP DVTM TONG HOP,20.54351690000001,105.91752250000002,1
15346739,ULV North,VIN-KY ANH,18.07624400000000,106.28920600000000,1
15421393,ULV North,CN HAI DUONG CTY CPDV TMTH VINCOMME,20.94265123303588,106.31353779999996,1
15346754,ULV North,CN HAI PHONG CTY CPDV TMTH VINCOMME,20.86605300000000,106.69149800000000,1
15431379,ULV North,CN HOA BINH - CTY CP DICH VU THUONG,20.82572880000001,105.35125820000002,1
15481947,ULV North,CN LAI CHAU - CTY CPDV TMTH VINCOMM,22.38713920000000,103.46886880000000,1
15404353,ULV North,CN LANG SON - CTY CP DVTM TONG HOP,21.85670867173686,106.76344290000001,1
15399923,ULV North,CN NAM DAN CTY CPDV TMTH VINCOMMERC,18.71182804298551,105.50872215000000,1
15346740,ULV North,VIN -NINH BINH,20.25928000000000,105.97018700000000,1
18014819,ULV South,'CHI NHANH CONG TY TNHH THUONG MAI T,13.41862010000000,108.42616430000001,1
15398923,ULV North,CN SON LA CTY CPDV TMTH VINCOMMERCE,21.13740906126288,106.03863694999997,1
15346758,ULV North,VIN-THAI BINH,20.44447900000000,106.33686500000000,1
15404354,ULV North,CN THAI NGUYEN - CTY CPDV TMTH,21.57118609870669,105.83823070000002,1
15367219,ULV North,VIN-THANH HOA,19.43838000000000,105.77451300000000,1
15440296,ULV Central,CN THUA THIEN HUE CTY CPDV TMTH,16.45749170091598,107.58136080000003,1
15346757,ULV North,VIN -TUYEN QUANG,21.81891500000000,105.20526200000000,1
15346741,ULV North,CN VIET TRI CTY CPDV TMTH VINCOMMER,21.31266300000000,105.39571600000000,1
15346755,ULV North,VIN-YEN BAI,21.70843000000000,104.88129300000000,1
15110793,ULV North,CO.OPMART VINH PHUC,21.31294300000000,105.61440400000000,1
15212437,ULV South,UNILEVER CONG DOAN CAN THO,10.03429000000000,105.77506900000000,1
15212434,ULV South,CONG DOAN CO SO CONG TY TNHH QUOC TE,10.98307600000000,106.48404100000000,1
15228286,ULV South,CONG DOAN CO SO CONG TY TNHH QUOC TE,10.72702800000000,106.72236500000000,1
15471207,ULV South,CONG TY TNHH MTV CONG LINH,9.70210677432689,106.25845904723872,1
15521730,ULV South,CONG TY TNHH MTV CONG LINH,9.92524820000000,106.35916690000003,1
15484284,ULV South,CHI NHANH 1 CONG TY TNHH MTV CONG LINH,9.63711700000000,106.48955899999999,1
15538416,ULV South,CONG TY TNHH MOT THANH VIEN CONG LINH-CHI NHANH 2,9.70754434418710,106.26416464999998,1
15243696,ULV North,CONG TY CO PHAN DICH VU HA TANG MANG,21.00120200000000,105.86677300000000,1
15535387,ULV North,CONG TY CO PHAN KD PHUC SON,21.56715590000004,105.82520379999998,1
15441957,ULV North,CONG TY CO PHAN THU DO TIN NGHIA,21.15365689999999,105.81695440000000,1
15261287,ULV North,CONG TY CO PHAN THUONG MAI XUAT NHAP KHAU THIEN PHUC LOC,21.85626100000000,106.77051200000000,1
50100043,ULV North,CONG TY TIEN SINH,19.81797200000000,105.79222300000000,1
15240450,ULV North,CONG TY TNHH AEON VIET NAM - CHI NHÁNH LONG BIÊN,21.02733720000000,105.89961329999998,1
15479003,ULV North,CONG TY TNHH DICH VU HA PHUONG VIET NAM,21.04672299999998,105.74843120000000,1
15177584,ULV Central,CONG TY TNHH DUY THANH,1.00000000000000,16.04006500000000,1
15481803,ULV North,CONG TY TNHH KD&DV NAM DƯƠNG,21.06403090000000,105.83172399999998,1
15314600,ULV North,CONG TY TNHH LAN CHI SON TAY,21.10610900000000,105.49625200000000,1
15314601,ULV North,CONG TY TNHH LAN CHI THANH OAI,20.92856400000000,105.75785800000000,1
15406345,ULV North,CONG TY TNHH MTV DONG DUNG,22.38622269999999,103.47026310000001,1
15168975,ULV Central,CONG TY TNHH MTV THUC PHAM PHAN ANH,1.00000000000000,16.05597600000000,1
15534099,ULV North,CONG TY TNHH MTV TM VA DV HUNG CUONG,21.03001330000001,105.85980920000002,1
15372419,ULV Central,CONG TY TNHH MTV TRANG MINH DUC,1.00000000000000,16.43395100000000,1
15403894,ULV North,CONG TY TNHH NHO HOANG,21.12144400000001,106.11105010000001,1
15534361,ULV North,CONG TY TNHH PANTHERA LEO VIET NAM,21.28159689999999,105.72497380000000,1
15411365,ULV North,CONG TY TNHH QUANG LINH HUY,20.25061489999999,105.97445360000000,1
15557382,ULV North,CONG TY TNHH SON LAN LAO CAI,22.48092654831752,103.97547464422395,1
15181812,ULV North,CONG TY TNHH SX & TM TU DUNG,22.66386400000000,106.23162200000000,1
15322154,ULV North,CONG TY TNHH THUC PHAM KHANH DUONG,21.60696400000000,105.81781900000000,1
15367218,ULV Central,CONG TY TNHH THUONG MAI DICH VU QUOC THONG,1.00000000000000,15.09131100000000,1
15229415,ULV North,CONG TY TNHH THUONG MAI DONG DUNG,22.39754400000000,103.45661500000000,1
15436023,ULV North,CONG TY TNHH THUONG MAI VA DICH VU BAO CHAU,21.02776440000000,105.83415980000001,1
15433498,ULV North,CONG TY TNHH THUONG MAI VA DICH VU TNFOOD,21.06096914360269,105.97031464999999,1
15482676,ULV North,CONG TY TNHH THUONG MAI VAN LIEN,21.42197629097544,105.22970221748512,1
15289044,ULV North,CONG TY TNHH TM & DV HUONG LINH,21.03354400000000,105.81926400000000,1
15350790,ULV North,CONG TY TNHH TM & DV NAM PHUONG,20.86341600000000,106.71910600000000,1
15337575,ULV North,THANH HOA-FS.A&T,19.82635800000000,105.76720700000000,1
15227603,ULV North,CONG TY TNHH TM LUONG HUONG,22.50153000000000,103.95742700000000,1
15371311,ULV Central,CONG TY TNHH TM THAI DONG ANH,1.00000000000000,16.49476100000000,1
15407617,ULV North,CONG TY TNHH TM&DV PHONG CANH NHUNG,20.43882250000000,106.16210530000001,1
15332282,ULV North,CONG TY TNHH TONG HOP PHI LONG,18.66575300000000,105.66847100000000,1
50100623,ULV South,COOP VUNG TAU,10.36725800000000,107.08549800000000,1
15186995,ULV South,COOPMART BA RIA,10.49149200000000,107.17619300000000,1
15344675,ULV South,COOPMART DONG VAN CONG,10.77385500000000,106.76243500000000,1
15249270,ULV South,COOPMART NGUYEN BINH,10.67782200000000,106.75223400000000,1
15142678,ULV North,COOPMART THANH HOA,19.81247900000000,105.77391700000000,1
15418512,ULV South,COOPXTRA PHAM VAN DONG,10.83143509999999,106.72530450000000,1
1000,CRV NORTH,CRV NORTH WH,21.08277300000001,105.99798229999998,1
15175188,ULV South,CTY 266,10.73935400000000,106.73459200000000,1
15369397,ULV North,CTY CO PHAN MTG VIET NAM,20.83320800000000,104.66242600000000,1
15087581,ULV North,CTY CP DVTM TRUNG ANH,21.53524600000000,108.01244700000000,1
15087589,ULV North,CTY CP THUC PHAM TP VINH,18.71879000000000,105.68234000000000,1
15173164,ULV North,CTY CPTM VA XD KHAI ANH,20.94447050000002,105.87306780000000,1
50100085,ULV North,CTY HUONG TOAN- TUYÊN QUANG,21.81260300000000,105.21170500000000,1
15175187,ULV South,CTY THAI BINH DUONG,10.73979510000000,106.73321850000002,1
15175186,ULV South,CTY THANH NHA,10.73476100000000,106.62215900000000,1
50100097,ULV North,CTY TNHH BAO DUNG-BAC QUANG,22.42423900000000,104.82091300000000,1
15134153,ULV Central,CTY TNHH DV TM HOANG PHAN,1.00000000000000,16.46794800000000,1
15192558,ULV North,CTY TNHH E.B VINH PHUC,21.30868300000000,105.62197200000000,1
50100057,ULV North,CTY TNHH HONG  DUC-HA TINH,18.36592000000000,105.86560000000000,1
50100056,ULV North,CTY TNHH HONG DUC-DUC THO,18.50236400000000,105.58847500000000,1
50100497,ULV North,CTY TNHH KHANH HOA - HA GIANG,22.81635000000000,104.98117400000000,1
15239230,ULV North,CTY TNHH KINH DOANH THUONG MAI THUAN HUNG,20.43827000000000,106.34953100000000,1
15147536,ULV Central,CTY TNHH LOTTE MART DA NANG,1.00000000000000,16.03485900000000,1
15118808,ULV North,CTY TNHH LUU LAN PHU THO,21.40634400000000,105.36124300000000,1
50100258,ULV North,CTY TNHH METRO THANG LONG,21.05280800000000,105.78091200000000,1
50100084,ULV North,CTY TNHH MINH THAI - HAI DUONG,20.94068900000000,106.30762000000000,1
50100494,ULV North,CTY TNHH NGOC CANH -  NGHIA HUNG,20.19521600000000,106.17573800000000,1
50100139,ULV Central,CTY TNHH NGUYEN MINH HOANG,3.17307600000000,101.67915300000000,1
15281034,ULV South,CTY TNHH QT UNILEVER VN-CBCNV-CU CHI,10.97042300000000,106.48186300000000,1
50100536,ULV South,CTY TNHH QT UNILEVER VN-CBCNV-STAFF SALE,10.72702800000000,106.72236500000000,1
50100066,ULV North,CTY TNHH THANH DAT,21.28297806858018,106.21902400000000,1
50100155,ULV Central,CTY TNHH THANH TRONG,1.00000000000000,15.10945800000000,1
15087058,ULV Central,CTY TNHH THIEN TRUONG,1.00000000000000,15.54950200000000,1
50100090,ULV North,CTY TNHH TM HONG THIEU,18.10444200000000,106.25368500000000,1
50100015,ULV North,CTY TNHH TM MINH TUAN - HA NOI,20.95372230000000,105.83714810000001,1
15130705,ULV Central,CTY TNHH TM NGOC PHUONG,1.00000000000000,17.40896600000000,1
50100498,ULV North,CTY TNHH TM PHUC SON,21.55502500000000,105.85259800000000,1
50100185,ULV Central,CTY TNHH TM TRUNG TIN,14.44224000000000,109.00371300000000,1
50100103,ULV North,CTY TNHH TM-DV SINH PHUONG,20.97228500000000,107.08347300000000,1
50100013,ULV North,CTY TNHH TUNG BACH,21.06454100000000,105.83343100000000,1
50100113,ULV North,CTY TNHH TUNG LOC - SON LA,21.32778000000000,103.92890100000000,1
15089296,ULV North,CTY TNHH VINH GIANG,21.15300200000000,106.11399000000000,1
50100046,ULV North,CTY TNHH XD-TM ANH DUC,20.22998600000000,105.98898100000000,1
50100215,ULV South,HOP TAC XA TM DV CU CHI (1),10.97258100000000,106.49608900000000,1
15561219,ULV South,S-RETAIL,10.96328016274450,106.51498535000002,1
15505446,ULV South,CONG TY TNHH CUONG HUNG DUNG,9.84604260000000,106.10380859999997,1
15544058,ULV South,DOANH NGHIEP TU NHAN TM DV CUONG THINH,9.43124128316330,105.74731233527612,1
15168921,ULV South,CTY TNHH MTV DA LOI PHUC,9.96540400000000,105.11277500000000,1
V103,ULV Central,Da Nang DC Central,3.02059400000000,101.57907890000001,1
15331046,ULV South,CN CONG TY CP THUONG MAI DICH VU,10.38252300000000,106.05814000000000,1
50100618,ULV South,CONG TY CP THUONG MAI DICH VU DAI KHANH,10.10531900000000,105.70725700000000,1
15283563,ULV South,CHI NHANH CONG TY CO PHAN TMDV DAI KHANH,10.45603800000000,105.64289500000000,1
15316106,ULV South,CHI NHANH CONG TY CO PHAN TMDV DAI KHANH,10.78290100000000,105.37166800000000,1
15263318,ULV South,CHI NHANH CONG TY CP TMDV DAI KHANH,9.98091800000000,105.09749700000000,1
15538033,ULV South,CONG TY TNHH DANG HOANG KHANG,9.78259479999999,105.46123400000002,1
15632853,ULV South,CONG TY TNHH MTV DANG VAN CUONG,10.39108616276822,105.96932350000000,1
15369840,ULV South,CONG TY TNHH THINH PHAT DANH TRA,13.94215100000000,108.01050600000000,1
15142795,ULV South,CTY TNHH DAO PHUONG LINH,11.05724400000000,107.16989200000000,1
15611527,ULV South,CONG TY TNHH DAU TU TM-DV DAT LOI,10.64231220000000,107.24112630000002,1
18025648,ULV South,WINMART PLUS,10.10884230000000,105.70659079999997,1
15333321,ULV South,CONG TY CO PHAN DELI YOURS PHU QUOC,10.22192800000000,103.95720900000000,1
15497714,ULV South,CONG TY CO PHAN PHAN PHOI DELI YOURS,10.22264119040173,103.96765864999999,1
15497715,ULV South,CONG TY CO PHAN PHAN PHOI DELI YOURS,10.22574864433844,103.96260494999999,1
50100549,ULV South,CONG TY CO PHAN THUONG MAI THOI TRANG,10.83256100000000,106.61269800000000,1
15543123,ULV South,DHL SUPPLY CHAIN VN,10.91431639999999,106.74044890000000,1
15631249,ULV South,CTY TNHH DKSH VIET NAM,10.91211572774408,106.72335900000000,1
15120032,ULV North,DNTN DV TM AN ANH,20.82453700000000,105.35330200000000,1
50100117,ULV North,DNTN KIM PHUONG-NHO QUAN,20.32086300000000,105.72631500000000,1
50100073,ULV North,DNTN NGOC HIEN,20.54563800000000,105.91785000000000,1
50100147,ULV Central,DNTN NGOC MAI,1.00000000000000,16.84346300000000,1
50100162,ULV Central,DNTN TM HOANG BINH,13.80585100000000,109.10476600000000,1
15148049,ULV North,DNTN TM TUAN TUYET YEN BAI,21.68580300000000,104.86297500000000,1
50100058,ULV North,DNTN TM-XD THINH VUONG,21.37174700000000,103.00337400000000,1
15186085,ULV South,DOANH NGHIEP TN BM,10.42771300000000,104.99664300000000,1
15221097,ULV Central,DOANH NGHIEP TU NHAN HOAI THU,13.78685300000000,109.22066400000000,1
15357188,ULV Central,DOANH NGHIEP TU NHAN TM KIM KHANH,1.00000000000000,13.77750400000000,1
15464487,ULV South,CN CONG TY TNHH THUONG MAI DUOC PHAM DONG A,10.81727790309907,106.60457520000000,1
15269701,ULV South,CTY TNHH MTV DONG GIA PHAT,10.89685700000000,106.74656500000000,1
50100209,ULV South,CTY TNHH TMDV& VAN TAI DONG HOA PHAT,10.33975500000000,107.07857400000000,1
15178757,ULV South,CONG TY TNHH MTV DONG THIEN PHU,10.90663300000000,106.76793100000000,1
15531832,ULV South,CONG TY TNHH TM-DV DONG VAN,11.52478150000001,108.99182539999998,1
50100285,ULV South,"DUC BINH CO.,LTD.",10.86871400000000,106.73871000000000,1
15556295,ULV South,CONG TY TNHH PHAN PHOI DUC HANH HUONG,11.81850095503643,108.22621450000001,1
15186674,ULV South,CONG TY TNHH MTV TM DV DUY HUNG,11.53648300000000,106.88910800000000,1
15402245,ULV South,CONG TY TNHH NGUYEN DUY THAI,9.59656471177999,105.96661414999994,1
15523511,ULV South,CONG TY TNHH TMDV HOANG PHONG,10.83447570000002,106.63489940000001,1
18009862,ULV South,KHO TAM EMART SALA THU THIEM,10.82529300000001,106.79792790000000,1
15247243,ULV South,CONG TY TNHH E-MART VIET NAM,10.82323700000000,106.69336500000000,1
18017336,ULV South,EMART PHAN HUY ICH 1,10.84186950000000,106.63715789999999,1
15619653,ULV South,SALA THU THIEM,10.77234779999999,106.72246609999999,1
15192554,ULV Central,ESPACE BIGC HAI PHONG-DANANG BRANCH,1.00000000000000,16.06690500000000,1
15565572,ULV South,ETON QUAN 7.,10.71806839999999,106.74339060000000,1
15471209,ULV South,CONG TY TNHH EVERFAM,10.71122480000000,106.62036960000000,1
15563702,ULV South,FBL SOUTH.,10.81899245117659,106.61217360000000,1
15611283,ULV South,"KHO 1, BAN QUAN LY KHO THU DUC",10.82774390000001,106.76233519999997,1
18008611,ULV South,"KHO 1, BAN QUAN LY KHO THU DUC,",10.83618673683934,106.76693915291752,1
15315616,ULV South,CONG TY TNHH MTV TM VA DV GIA HUY PHAT,10.85300900000000,106.65530000000000,1
50100431,ULV South,CTY CP TM GIA LAI,13.70338000000000,108.07097600000000,1
50100167,ULV South,CONG TY CO PHAN THUONG MAI GIA LAI,13.95906200000000,108.03448800000000,1
15333624,ULV South,CONG TY TNHH THUONG MAI GIA THANH,10.71636600000000,106.61468000000000,1
18022396,ULV South,SIEU THI GO HOA THANH,11.30001729999999,106.12648500000000,1
131,CRV NORTH,131 - GO! BAC GIANG,21.26636160000003,106.20837350000000,1
128,CRV NORTH,128 - GO! HA LONG,20.94240079999999,107.11083690000000,1
117,CRV NORTH,117 - GO! HAI DUONG,20.95017820000000,106.34302900000003,1
106,CRV NORTH,106 - GO! HAI PHONG,20.84549709999999,106.70742230000002,1
146,CRV NORTH,146 - GO! LAO CAI,22.43397309999997,104.01606389999998,1
114,CRV NORTH,114 - GO! NAM DINH,20.43788349999999,106.15225360000001,1
125,CRV NORTH,125 - GO! NINH BINH,20.24266340000001,106.00408509999997,1
15572686,ULV North,GO! THAI BINH,21.08309911966358,105.99790390994538,1
145,CRV NORTH,145 - GO! THAI BINH,20.43954040000001,106.32165290000003,1
144,CRV NORTH,144 - GO! THAI NGUYEN,21.57121220000003,105.83486979999999,1
118,CRV NORTH,118 - GO! THANH HOA,19.80542700000000,105.80216599999999,1
124,CRV NORTH,124 - GO! VIET TRI,21.30640740000001,105.43192700000002,1
112,CRV NORTH,112 - GO! VINH,18.66606999999999,105.67445600000000,1
113,CRV NORTH,113 - GO! VINH PHUC,21.29398630000001,105.62950560000002,1
18016709,ULV South,"TRUNG TAM PHAN PHOI Z11 QUOC LO 1 A,",10.84809160000001,106.62183940000000,1
15192552,ULV North,HA NOI-BIG C THĂNG LONG,21.00727000000000,105.79325700000000,1
50100413,ULV South,TT THUONG MAI DICH VU HA TIEN,10.38573600000000,104.48971400000000,1
18005466,ULV South,KHO HANG CONG TY HAI AN TAI GA SONG,10.88078052859805,106.75216676246438,1
50100151,ULV South,CTY TNHH ĐTPT PHAN PHOI HAI HA,12.91932100000000,108.26972800000000,1
15571778,ULV South,CONG TY TNHH SX TMDV HAI PHUONG,10.64374210000000,107.26072890000000,1
15539393,ULV South,CONG TY TNHH HAI THIEN LONG,10.80046890000000,106.81464699999997,1
15178560,ULV South,HAIER_THANH NHA CAN THO,10.04378300000000,105.76574000000000,1
50100485,ULV South,CONG TY TNHH DIEN MAY HAIER VIET NAM,10.92757800000000,106.87064200000000,1
15177536,ULV South,HAIER_KHO LONG BINH DONG NAI,10.91572800000000,106.89515100000000,1
15404254,ULV South,CONG TY TNHH MTV HAMACO PETRO,10.01106010000000,105.76887549999992,1
15418971,ULV South,CONG TY TNHH MOT THANH VIEN HAMACO PETRO,10.00770790000000,105.76258499999994,1
15419530,ULV South,CN THOT NOT CONG TY TNHH MTV HAMACO,10.11649429999999,105.63264570000001,1
15453430,ULV South,HAMACO HTD CMT8,10.05953872489848,105.76811195000005,1
15453431,ULV South,HAMACO HTD TAM VU,10.00770790000000,105.76258499999994,1
15453827,ULV South,CHI NHANH THOT NOT HTD HAMACO,10.24769490000001,105.55139789999998,1
15374585,ULV South,CONG TY TNHH TM DUC HANH HUONG,11.78820966489840,108.25482994999993,1
50100179,ULV South,CONG TY TNHH MTV THUONG MAI HANH VAN,12.67772800000000,108.04257700000000,1
50100180,ULV South,CONG TY TNHH MTV THUONG MAI HANH VAN,12.68126800000000,108.04851700000000,1
15178701,ULV South,DOANH NGHIEP TU NHAN HAO NGHIA,9.67691600000000,106.28139100000000,1
18019191,ULV South,CHI NHANH CONG TY TNHH HAXU EXPRESS,10.97485580000001,108.11174560000000,1
15480449,ULV South,SIEU THI EB NEW CITY,10.98724850000000,106.66470630000003,1
15480450,ULV South,SIEU THI EB NEW CITY,12.25681900039077,109.16955340000004,1
15253055,ULV South,CONG TY TNHH MTV DT TMDV HIEN MINH,10.68105500000000,105.10835400000000,1
15629079,ULV South,CONG TY TNHH MTV HIEP BACH,10.61812990000000,106.48690040000001,1
15178647,ULV South,CTY TNHH MTV THUONG MAI DICHVU HIEP HUNG,10.37648500000000,105.44078100000000,1
15119151,ULV South,DNTN HIEU DUC GO CONG,10.40510200000000,106.67112600000000,1
15505466,ULV South,CONG TY TNHH CO DIEN LANH - THUONG MAI HOA BINH,10.74414399999999,106.66499390000000,1
15562335,ULV South,CONG TY TNHH MTV SIEU THI TOM GIONG HOA NONG,9.75534840000000,105.00213849999999,1
18013966,ULV South,CONG TY TNHH PHAN PHOI DOC QUYEN HOA,10.92769789999999,108.06704430000000,1
15410839,ULV Central,CONG TY TNHH HOAI GIANG XANH,16.04882830035114,108.17158322239600,1
50100313,ULV South,CTY TNHH TM-DV-HOANG CHUONG,10.67090500000000,107.75557300000000,1
50100264,ULV South,CTY TNHH T.MAI-DV HOANG PHONG,10.83817800000000,106.63531000000000,1
15487793,ULV South,CONG TY TNHH TMDV HOANG PHONG,10.84079546144993,106.63678549999999,1
15213291,ULV South,CTY TNHH MOT THANH VIEN THUONG MAI,11.85006600000000,106.58814800000000,1
15234827,ULV South,DOANH NGHIEP TU NHAN HOANG THUAN HIEP,10.47422000000000,105.61528200000000,1
15115752,ULV South,CTY TNHH MTV TMDV HONG ANH,11.79913800000000,107.23460900000000,1
15201769,ULV South,DNTN HONG DIEP LONG HO,10.19627300000000,106.00965100000000,1
15094767,ULV South,DNTN TM-DV HONG MY,10.93611400000000,108.11048900000000,1
15404747,ULV South,CONG TY TNHH PHUOC HONG NGOC,10.56821570000001,105.23410820000004,1
15207982,ULV South,DNTN THUONG MAI DV VAN TAI HONG SEN,10.15405600000000,105.32184000000000,1
50100335,ULV South,CTY TNHH HONG THANH,10.36215100000000,107.07562900000000,1
15502408,ULV South,CONG TY TNHH HONG THANH,10.35072130000001,107.07414860000000,1
15538188,ULV South,CONG TY TNHH MOT THANH VIEN HUA NGOC HAI,8.76524303862863,104.99343879999999,1
15247233,ULV South,CTY TNHH TMDV HUE THIEN PHU,10.74180300000000,106.73743000000000,1
15335728,ULV South,CONG TY TNHH MOT THANH VIEN HUNG DUNG,9.95445600000000,105.95231900000000,1
50100212,ULV South,CTY TNHH HUNG DUY,11.29227300000000,106.12697400000000,1
15280207,ULV South,CONG TY TNHH HUNG HUY,10.96840700000000,106.79457000000000,1
15333315,ULV South,CTY CP THUONG MAI HUNG PHAT-CN AN KHE,13.94920900000000,108.66236100000000,1
15087516,ULV South,CTY TNHH HUNG PHU PHAT,11.25498200000000,106.78264600000000,1
15262485,ULV South,CTY TNHH DAU TU TM HUONG MAI,10.55852400000000,107.42628100000000,1
15410851,ULV South,CONG TY TNHH TM XNK HUU THANH PHAT,10.35971040000000,106.35333900000000,1
15618546,ULV South,CONG TY TNHH TM HUY PHAT NH,12.28718350000001,109.14472470000000,1
50100557,ULV South,DNTN HUYEN NGA,10.24365700000000,106.00882500000000,1
15621917,ULV South,KHO CTY TNHH DN HUYNH LONG,10.07255580000001,105.74098519999997,1
15535246,ULV South,CONG TY TNHH DAU NHON HUYNH LONG,9.18426250000001,105.15923200000000,1
15575746,ULV South,CONG TY TNHH PHAN PHOI LIEN KET QUOC TE (KHO TIN NHAT),10.82424650000000,106.60806349999999,1
15566828,ULV South,CONG TY TNHH PHAN PHOI LIEN KET QUOC TE,10.85981120000000,106.77748530000002,1
15543121,ULV South,CONG TY CO PHAN THUONG MAI IMEXCO VIET NAM,10.85022619184644,106.71943670000002,1
15545679,ULV South,CHI NHANH TPHCM CONG TY CO PHAN THUONG MAI IMEXCO VIET NAM,10.80654590000000,106.63418170000003,1
15260738,ULV South,CONG TY TNHH INTERNATIONAL FLAVORS &,10.78561200000000,106.69517400000000,1
18026404,ULV South,KHO BOXME TAN THUAN TP HCM,10.76292750000001,106.73823140000002,1
15613720,ULV South,CONG TY TNHH MTV VU KHAI HOANG GIA LAI,13.70116989199986,108.07403144999998,1
15450739,ULV South,CHI NHANH CONG TY TNHH MTV KHANG NINH VIET,11.24077196313032,107.43741864999993,1
15196426,ULV South,CN CTY TNHH TMDV KT DIEN DIEN LANH,10.51837600000000,105.84371900000000,1
15228933,ULV South,CTY TNHH TM-DV KY THUAT DIEN-DIEN LANH,10.51005000000000,105.95136500000000,1
15091089,ULV South,DNTN KHANH THANH VUNG LIEM,10.08834700000000,106.10555800000000,1
15302998,ULV South,CONG TY TNHH TM KHANH THUAN HUNG,9.59362200000000,106.00090200000000,1
15613992,ULV North,KHO DC NGHE AN,21.08345590000000,105.99764380000000,1
15552846,ULV North,KHO PHARMACITY MIEN BAC,21.03712660000000,105.93556580000000,1
15604891,ULV South,KHO TAM BIG C BINH DUONG .,10.96679500000001,106.66442329999998,1
50100308,ULV South,CTYTNHHTUVANTMDV TANKHOINGUYEN,10.95052900000000,108.08654200000000,1
50100329,ULV South,DNTN KIEU HANH,11.04008200000000,106.34913600000000,1
15539397,ULV South,CONG TY TNHH TMDV KIM AN,10.69797130000001,106.71883010000002,1
15179085,ULV South,DOANH NGHIEP TU NHAN KIM ANH,10.61638900000000,106.04657600000000,1
15373677,ULV South,CONG TY TNHH LOC KIM LONG,11.92981900000000,108.44873200000000,1
15409401,ULV Central,CONG TY TNHH TM DV SX KIM MA,16.47045165064051,107.56158940000002,1
15307598,ULV South,CONG TY TNHH MTV KIM PHU KHANH,10.04878100000000,105.77081000000000,1
15178461,ULV South,CTY CP TMTH KON TUM,14.30087800000000,107.99368800000000,1
15499408,ULV South,CONG TY TNHH KU MON DI LINH,11.59374180000001,108.07899419999997,1
15217937,ULV South,CONG TY TNHH TMDV LAM DUC,9.77493800000000,105.45966500000000,1
15403915,ULV South,CN1 - CONG TY TNHH MTV LAM DAI DUNG,10.97617890000001,106.65964529999997,1
15155134,ULV South,CONG TY TNHH MTV LAM DAI DUNG,10.97617900000000,106.65964500000000,1
15299546,ULV South,CONG TY TNHH MTV LAM DAI DUNG - THUAN AN,10.96588700000000,106.71190600000000,1
15105367,ULV South,CTY TNHH LAM DUC,9.78277700000000,105.46729000000000,1
15405730,ULV South,CTY TNHH LAM DUY AN,10.40332390110745,106.12208669999995,1
50100312,ULV South,CONG TY TNHH LAM HUY PHAT,11.72501400000000,108.36782500000000,1
15322410,ULV South,CONG TY TNHH DUONG LAM PHONG,11.50167800000000,107.48233300000000,1
15612246,ULV South,DNTN LAM XUAN QUYEN,9.76726428862196,105.01194770000001,1
15196012,ULV South,CTY TNHH ĐTPT PHAN PHOI BAO CHAU,12.69623100000000,108.02794100000000,1
15428650,ULV South,CTY TNHH ĐTPT PHAN PHOI BAO CHAU,12.00643521462391,107.69666465000000,1
15447280,ULV South,CTY TNHH LE QUOC KHANH THAP MUOI,10.51837600000000,105.84371899999996,1
802,CRV NORTH,Linfox WH Bac Ninh,21.08277300000001,105.99798229999998,1
15146540,ULV South,CTY TNHH LG ELECTRONICS VIETNAM,10.90020400000000,106.82152500000000,1
15102595,ULV South,CTY TNHH MTV TM&DT LIEN A CHAU,10.81865300000000,106.60970200000000,1
15114602,ULV South,CONG TY TNHH PHAN PHOI LIEN KET QUOC TE,10.76735900000000,106.59698400000000,1
15189934,ULV South,CONG TY TNHH PHAN PHOI LIEN KET QUOC TE,10.77024300000000,106.61547200000000,1
15370000,ULV South,CONG TY TNHH TM VA DV DO DIEN LIN - HCM,10.70538800000000,106.62784600000000,1
50100489,ULV South,CT TNHH LINFOX LOGISTICS VN,10.92413999999999,106.71758249999999,1
15612239,ULV South,CONG TY TNHH TM DV LINH NGOC,9.59429589999999,105.99900040000000,1
15607368,ULV South,CONG TY TRACH NHIEM HUU HAN LINH PHIN,10.82483940000002,106.60780960000000,1
15282867,ULV South,CONG TY TNHH MOT THANH VIEN LINH PHU,10.55630800000000,105.39507300000000,1
50100297,ULV South,CONG TY TNHH TM LOC TAI DUC LINH,11.15053000000000,107.50765800000000,1
15173031,ULV South,CONG TY TNHH DT-XD-TM LONG HUNG,10.39141800000000,105.42341400000000,1
15359714,ULV South,CTY TNHH MOT THANH VIEN HAN LONG KHANG,10.29446200000000,105.51114100000000,1
15173485,ULV South,LOTTE MART BINH DUONG,10.90567600000000,106.71179600000000,1
15238736,ULV South,LOTTE MART CAN THO,10.04224100000000,105.76649300000000,1
15147081,ULV South,LOTTE MART DONG NAI,10.95098800000000,106.87156800000000,1
15268508,ULV South,LOTTE MART GO VAP,10.83486200000000,106.66717200000000,1
15281905,ULV South,LOTTE MART NHA TRANG,12.25184000000000,109.17683700000000,1
15534274,ULV South,LOTTE MART NHA TRANG GOLD COAST,12.24570596881228,109.19307365000002,1
15174125,ULV South,LOTTE MART BINH THUAN,10.93788000000000,108.11618600000000,1
50100323,ULV South,CONG TY TNHH TRUNG TAM THUONG MAI LOTTE,10.76278700000000,106.65720100000000,1
50100322,ULV South,CTY CP TRUNG TAM THUONG MAI LOTTE VN,10.74357800000000,106.70145400000000,1
15207643,ULV South,LOTTE MART TAN BINH,10.80093500000000,106.65307800000000,1
15205911,ULV South,LOTTE MART VUNG TAU,10.35410500000000,107.09527800000000,1
15196618,ULV North,LOTTE MART BA ĐINH,21.03216800000000,105.81242700000000,1
15417875,ULV North,LOTTE MART CAU GIAY,21.03478690000000,105.79528919999998,1
15178214,ULV North,LOTTE MART DONG DA,21.00575600000000,105.82312100000000,1
15569087,ULV South,CONG TY TNHH LUONG HUNG LINH,10.04516180000000,105.74685349999999,1
50100036,ULV North,LUU LAN-PHUC YEN,21.25823000000000,105.71507300000000,1
18017985,ULV Central,CONG TY TNHH MTV QT MAI ANH TUAN,16.83302558510918,107.01741210000002,1
15430169,ULV South,CONG TY TNHH MAI HUNG,10.36489990197615,105.44531265000000,1
50100265,ULV South,CONG TY TNHH TM AN PHU THANH,11.22671900000000,108.73091400000000,1
15498749,ULV South,MAI THANH - HCM,10.77109320000001,106.66554969999997,1
15179356,ULV South,CONG TY TNHH MAI THUY NGUYEN,10.50126500000000,107.17936000000000,1
50100268,ULV South,STHI MAXIMARK CAN THO-,10.04549500000000,105.77948600000000,1
50100256,ULV South,CTY TNHH MM MEGA MARKET (VIET NAM),10.74494900000000,106.63052400000000,1
50100257,ULV South,CTY TNHH MM MEGA MARKET (VIET NAM),10.86377100000000,106.64793600000000,1
15288473,ULV South,MEGA AN PHU - MATT 40,10.77874000000000,106.71609300000000,1
15288474,ULV South,MEGA HIEP PHU - MATT 50,10.86701700000000,106.64213600000000,1
15534653,ULV South,SIEU THI MM FOOD SERVICE HUNG PHU,10.84155700000000,106.74550900000001,1
50100255,ULV South,CONG TY TNHH MM MEGA MARKET (VIET NAM),10.79952600000000,106.74180100000000,1
50100263,ULV South,CN CTY TNHH MM MEGA MARKET (VIET NAM),10.96226200000000,106.81080300000000,1
50100601,ULV South,CN CTY TNHH MM MEGA MARKET (VIET NAM),10.97076300000000,106.67531900000000,1
50100260,ULV South,CN CTY TNHH MM MEGA MARKET (VIET NAM),10.02190600000000,105.76401700000000,1
15110956,ULV South,CN CTY TNHH MM MEGA MARKET (VIET NAM),12.70201400000000,108.06875000000000,1
50100574,ULV South,CN CTY TNHH MM MEGA MARKET (VIET NAM),10.37231400000000,105.44233300000000,1
15102628,ULV South,CN CTY TNHH MM MEGA MARKET (VIET NAM),12.25801100000000,109.12706100000000,1
50100575,ULV South,CN CTY TNHH MM MEGA MARKET (VIET NAM),1.00000000000000,13.72142600000000,1
15122379,ULV South,CN CTY TNHH MM MEGA MARKET (VIET NAM),10.00168600000000,105.08029600000000,1
50100624,ULV South,CONG TY TNHH MM MEGA MARKET (VIET NAM),10.39223000000000,107.11180000000000,1
15094369,ULV North,METRO Hạ Long,20.96058630000001,107.15501780000002,1
50100261,ULV North,METRO Hải Phòng,20.86330290000002,106.65411840000003,1
15136738,ULV North,METRO HDONG,20.96388300000000,105.77186800000000,1
50100259,ULV North,METRO Hoàng Mai,20.96949580000003,105.86597879999998,1
15094753,ULV North,METRO VINH,18.66136000000000,105.70840500000000,1
15261115,ULV South,CONG TY TNHH THUONG MAI MINH BAO,12.26143700000000,109.10040600000000,1
15537973,ULV South,CONG TY TNHH THUONG MAI MINH BAO DK,12.25509385526799,109.08247460000001,1
18021943,ULV South,CONG TY TNHH MTV MINH HOANG TAY NGUYEN,13.69842570000001,108.07491900000000,1
15535248,ULV South,DNTN TMDV MINH NGOC THINH,10.47900050000000,107.39671050000001,1
15239911,ULV South,CONG TY TNHH TM-DV MINH QUANG MEKONG,10.46373300000000,105.64001700000000,1
50100408,ULV South,CONG TY CO PHAN THUONG MAI MOC HOA,10.77794700000000,105.93518600000000,1
15612753,ULV South,CONG TY TNHH MOC NGUYEN BAN ME,12.69737640000000,108.05554209999998,1
15498052,ULV South,CONG TY TNHH THUONG MAI DICH VU MY KHANH,12.34333075709936,109.19303154999997,1
15260400,ULV South,TRUNG TAM PHAN PHOI HANG TIEU DUNG,8.80427100000000,105.00645500000000,1
50100188,ULV South,CTY CP THUONG MAI NAM GIA LAI,13.40389500000000,108.44429300000000,1
50100189,ULV South,CTY CP THUONG MAI NAM GIA LAI,13.19877600000000,108.68577500000000,1
15400948,ULV South,CONG TY TNHH NAM VIET DO,10.80451799999999,106.70057919999999,1
V102,ULV North,North Distribution Center,21.10873000000000,105.97292500000000,1
15407612,ULV South,CUA HANG CONG NGHE THUC PHAM NGA NAM,9.56106890000001,105.60649760000001,1
15178698,ULV South,CONG TY TNHH MOT THANH VIEN HUA NGOC HAI,8.76975100000000,104.99146000000000,1
50100330,ULV South,CONG TY TNHH MOT THANH VIEN THUONG MAI,11.26774500000000,107.42923900000000,1
15335724,ULV South,CONG TY TNHH MTV HOANG KIM NGOC LAN,10.94931300000000,106.81577700000000,1
15177868,ULV South,CONG TY TNHH MOT THANH VIEN NGUYEN NGOC,10.63496000000000,106.57148500000000,1
18024016,ULV South,CONG TY TNHH THUONG MAI DICH VU NGOC MAI ANH,10.36400080000001,105.42814100000002,1
15570887,ULV South,CONG TY TNHH NGOC TRUONG TAI,11.32540240000000,106.47701699999999,1
15419936,ULV South,CONG TY TNHH NGUYEN LOC PHUC,10.69517767870489,105.11816494999994,1
50100305,ULV South,CTY TNHH NGUYEN LONG,10.96764400000000,106.65831500000000,1
15154081,ULV South,CTY TNHH NGUYEN PHUONG,12.23559200000000,109.18539400000000,1
50100196,ULV South,CTTNHHMOTTHANHVIEN NGUYENTHANH,13.95174900000000,108.66025000000000,1
15569520,ULV South,CONG TY TNHH THUONG MAI Y GIANG LONG AN,10.82181450000001,106.45708589999997,1
15195728,ULV South,CONG TY TNHH TM VA DV NHA PHUONG,10.85272700000000,106.76720100000000,1
15409223,ULV South,NHAN HOA - HCM,10.77473530000001,106.66435239999998,1
15288710,ULV South,CONG TY TNHH NHAT AN VIET NAM,10.39244900000000,105.42007500000000,1
18022395,ULV South,CHI NHANH CONG TY CP TM NGUYEN KIM -TRUNG TAM KINH DOANH KHO VAN HAU MAU NGUYEN KIM,10.83060050000000,106.61351389999999,1
15632420,ULV North,NPP THÀNH HÂN,21.02911863064346,105.85804958647190,1
50100182,ULV South,CONG TY TNHH THUONG MAI DICH VU NU VUONG,12.73244600000000,108.35616300000000,1
18005589,ULV South,CONG TY TNHH DAU TU VA PHAT TRIEN NYT,10.30217260130030,106.19868794999996,1
15190941,ULV South,CONG TY TNHH PANASONIC VIETNAM,10.91516700000000,106.74092700000000,1
18024649,ULV South,CONG TY TNHH DAU TU THUONG MAI VA DICH VU PDS,10.97266508468677,108.24245430000002,1
50100005,ULV North,PHAM BICH THUY-PHU THO,21.45679100000000,105.21379600000000,1
50100269,ULV South,CTY TNHH TM DAU TU PHAM THONG,10.41212000000000,107.19336700000000,1
15085463,ULV South,PHAN PHOI TONG HOP,10.86907900000000,106.77793600000000,1
15552845,ULV South,KHO PHARMACITY MIEN NAM,10.79482109999999,106.99000060000000,1
15157174,ULV South,CTY TNHH THAI PHONG HUNG,10.22520100000000,103.99017100000000,1
50100176,ULV South,CTCPTM MIEN NUI PHU YEN,13.45382500000000,109.22084800000000,1
15182464,ULV South,CTCPTM MIEN NUI PHU YEN,13.12624800000000,109.27835700000000,1
15545681,ULV South,CONG TY TNHH TMDV PHUC NGOC KHANG,10.96862370000002,106.49518950000000,1
15535250,ULV South,CONG TY TNHH PHAN PHOI PHUC TAN,10.79737158293189,105.35625995000001,1
15446664,ULV South,CONG TY TNHH THUONG MAI TONG HOP PHUOC HAI,14.30359280000000,107.99054569999998,1
18023022,ULV South,CHI NHANH CONG TY TNHH THUONG MAI TONG HOP PHUOC HAI BINH DINH,13.80663610101098,109.12129710000000,1
15157172,ULV South,DNTN PHUOC PHUOC THANH,10.69485200000000,105.13963200000000,1
15210505,ULV South,CTY TNHH MOT THANH VIEN PHUOC THIEN TOAN,10.94137800000000,106.86213600000000,1
15183901,ULV South,HOP TAC XA TM-DV PHUONG 1 TP MY THO,10.35569700000000,106.39116700000000,1
15267608,ULV South,CTY TNHH MTV PHUONG ANH THI,10.60057100000000,105.01842500000000,1
15197286,ULV South,CTY TNHH MTV TRAN PHUONG QUYEN,10.00168600000000,105.08029600000000,1
50100334,ULV South,CN CTY TNHH PHUONG THAO,10.74245100000000,106.63946900000000,1
15618208,ULV South,CONG TY CO PHAN PLA 18,10.94289282484518,106.69577939999999,1
50100214,ULV South,HTX THUONG MAI QUAN 3 (QUAN 3),10.79231600000000,106.63926300000000,1
15168705,ULV South,HTX THUONG MAI QUAN 3_NC,10.80038200000000,106.66063400000000,1
15290645,ULV South,CONG TY TNHH PHAN PHOI QUANG VINH,10.89343800000000,106.30843700000000,1
50100415,ULV South,DNTN QUANG VINH,10.89320700000000,106.29340600000000,1
50100414,ULV South,DNTN HUYNH QUOC VIET,10.04178500000000,106.59367400000000,1
15403626,ULV South,CONG TY TNHH MTV QUY BINH MINH,10.79515310000001,105.23703390000003,1
15538184,ULV South,CONG TY TNHH QUYEN TRAN,9.17620680000000,105.15085260000001,1
15375600,ULV South,CONG TY TNHH QUYET THANG NHA TRANG,12.25850980000002,109.05260759999999,1
15400343,ULV South,CONG TY TNHH QUYET THANG CAM LAM,12.02417039999999,109.17016660000002,1
15334018,ULV South,CONG TY TNHH NGUYEN QUYNH ANH,10.52968000000000,106.44009000000000,1
15559647,ULV South,CONG TY CP TM BIA SAGOTA DONG DAK LAK,12.68281570000001,108.04940780000003,1
15132785,ULV South,COOP SONG THAN - KHO HOA PHAM,10.90063800000000,106.75295100000000,1
15251825,ULV South,SGC VSIP -CTY CP KHO HANG HOA U&I,10.91809400000000,106.71498700000000,1
50100238,ULV South,COOP DI AN BINH DUONG,10.89323800000000,106.74480600000000,1
50100239,ULV South,COOP MIEN TAY-HAU GIANG,9.78282300000000,105.46639200000000,1
50100237,ULV South,LIEN HIEP HTX THUONG MAI TP. HCM,10.87784800000000,106.74978800000000,1
15178429,ULV South,CONG TY CO PHAN THUONG MAI,10.35914700000000,105.98345700000000,1
15210805,ULV South,CONG TY CO PHAN SAIGON RIVER,10.72495300000000,106.71204000000000,1
18014621,ULV South,SAM XANH 1,10.68739200000003,106.59385380000000,1
15145772,ULV South,CTY TNHH SAO VIET,9.15888300000000,105.13620600000000,1
18006319,ULV South,SVN01,10.88698223646349,106.71029501481932,1
15501313,ULV South,KHO CU CHI - CONG TY TNHH S-TRADING,10.92213670000003,106.53523529999997,1
15501826,ULV South,CONG TY TNHH S-TRADING - CHI NHANH THANH PHO HO CHI MINH,10.77332500000001,106.70096100000002,1
15553743,ULV South,S-RETAIL VN,10.75238760000000,106.72993560000003,1
15501312,ULV South,CONG TY TNHH S-TRADING - KHO SAI GON,10.75153600000000,106.73110700000000,1
18014432,ULV North,SHOPEE BẮC NINH,21.07509597949585,105.97655845186765,1
15106516,ULV South,CTY TNHH DT&KD SIEU THI A CHAU,10.81873600000000,106.61196400000000,1
15202070,ULV North,SIEU THI BIG C BAC GIANG,21.26675000000000,106.20830500000000,1
15184589,ULV North,SIEU THI BIG C HA LONG,20.93997100000000,107.11325700000000,1
15312741,ULV North,SIEU THI BIG C LE TRONG TAN,20.99968800000000,105.82835100000000,1
15452544,ULV North,SIEU THI BIG C NGUYEN XIEN,20.98862950000000,105.80570790000000,1
15155132,ULV North,SIEU THI BIG C NINH BINH,20.23195300000000,105.99571500000000,1
15186848,ULV Central,SIEU THI BIG C QUY NHON,13.72070800000000,109.21032400000000,1
15157158,ULV North,SIEU THI BIG C VIET TRI,21.30877800000000,105.42400900000000,1
15186352,ULV North,SIEU THI CITIMART PARKSON LANDMARK,21.00449200000000,105.80294800000000,1
15110601,ULV South,SIEU THI GIANT CRESCENT MALL,10.72908800000000,106.71885700000000,1
18028014,ULV South,SIEU THI GO! HONG NGU1,10.81191880000003,105.33836630000000,1
15543415,ULV North,SIEU THI GO! THAI NGUYEN,21.57853258186184,105.83839140000000,1
15497922,ULV North,SIÊU THỊ LAN CHI,21.11622569999999,105.49532500000002,1
15480074,ULV North,SIEU THI MM MEGA MARKET THANH XUAN,20.98573920000000,105.84059740000000,1
15540417,ULV South,CONG TY TNHH SKINETIQ,10.81664316749988,106.62013711534425,1
15154904,ULV South,CTY TNHH TM DV SON HA PHU QUY,10.96504900000000,106.71720100000000,1
15375031,ULV South,CONG TY TNHH TM DV NGO SON HIEN,11.94475140284730,108.42777275000003,1
15345854,ULV South,CONG TY TNHH SONG LONG CA MAU,9.18124400000000,105.16082900000000,1
15570997,ULV South,T&C Q.12.,10.84339340000000,106.61721230000000,1
15409480,ULV Central,CONG TY TNHH MOT THANH VIEN TAM HAN,16.04006510000001,108.24182689999998,1
50100205,ULV South,LH HTX TMDV QUAN TAN BINH,10.78498300000000,106.64035500000000,1
15131499,ULV South,LIEN HIEP HTX THUONG MAI DICHVU TAN BINH,10.78498300000000,106.64035500000000,1
15152879,ULV South,LH HTX TMDV QUAN TAN BINH - NC,10.78045700000000,106.63463800000000,1
18022332,ULV South,'CONG TY TNHH SX TM DV TAN NGOC HUY,13.88650620000000,109.11343529999999,1
15618543,ULV South,CONG TY TNHH THACH LIEU,13.05303040000000,109.31017590000000,1
50100068,ULV North,THAI BINH-MK,20.45023800000000,106.33408400000000,1
15309229,ULV South,CONG TY TNHH MTV THAI GIA HUNG PHU QUOC,10.23129100000000,103.99228600000000,1
15338220,ULV South,CONG TY TNHH THANH BUOC,11.51509400000000,106.90634900000000,1
15620849,ULV South,CONG TY TNHH SAN XUAT - THUONG MAI THANH HO,10.79699640000001,105.24163120000003,1
50100017,ULV North,THANH HOA-L.A,19.82646400000000,105.76725800000000,1
50100298,ULV South,CTY TNHH MTV MINH THANH HOANG,11.28671300000000,106.54149000000000,1
18019030,ULV South,CONG TY TNHH KINH DOANH - VAN TAI T,10.74870960000000,106.62384849999997,1
15332312,ULV South,DOANH NGHIEP TU NHAN THANH LUAN AYUNPA,13.39195600000000,108.44777100000000,1
15446218,ULV South,DOANH NGHIEP TN THANH SANG,9.40686110000000,106.00524369999994,1
15538182,ULV South,CHI NHANH DOANH NGHIEP TN THANH SANG,9.59802273619908,105.99018204999999,1
50100279,ULV South,CONG TY TNHH THANH TAM HTB,11.05106500000000,108.10581000000000,1
18014465,ULV South,CONG TY TNHH THUONG MAI THANH THANH HO,10.79292233040006,105.23653630825962,1
15431143,ULV South,CONG TY TNHH THUONG MAI DICH VU THANH THANH TRUNG,10.37575500000000,105.43153570000004,1
15431142,ULV South,CONG TY TNHH THUONG MAI DICH VU THANH THANH TRUNG,10.36610800000000,105.43052950000003,1
15620515,ULV South,CONG TY TNHH MTV THANH THUY,10.40362122418792,106.12830724999998,1
50100325,ULV South,CTY TNHH MTV THAO THANH,10.71712000000000,106.99661100000000,1
15211042,ULV South,CONG TY TNHH MTV THAO THANH,10.94137800000000,106.86213600000000,1
15195383,ULV South,CN CTY TNHH MTV THAO THANH,11.00270700000000,106.73231000000000,1
15115873,ULV South,CTY TNHH MTV TM THE PHAT,10.24459400000000,105.55329900000000,1
15454644,ULV South,CONG TY TNHH DAU TU THIEN AN,10.80898940000000,106.59944059999998,1
15454643,ULV South,CONG TY TNHH DAU TU THIEN AN,10.94692740000001,106.73405530000002,1
15268744,ULV South,CTY TNHH MTV TM THIEN PHUC,11.81176000000000,107.23797800000000,1
15432919,ULV South,CONG TY TNHH MTV THIEN TRUONG LONG AN,10.76124653704089,105.93337440000005,1
15603703,ULV South,CONG TY TNHH THISO RETAIL,10.82593280000003,106.68973329999997,1
50100616,ULV South,CTY TNHH TMDV THONG NUONG,11.52384100000000,107.48543300000000,1
50100254,ULV South,CTY CP THUONG MAI TH THUAN AN,10.90427200000000,106.69699600000000,1
15543407,ULV South,CONG TY TNHH THUAN XA,10.42492760000000,105.40430620000000,1
15553289,ULV South,CONG TY TNHH THUY HANG VUNG LIEM,10.07570947587644,106.15381770000002,1
50100372,ULV South,DNTN NGUYEN DIEP THUY OANH,9.95394800000000,105.95236200000000,1
15113234,ULV South,CONG TY DUOC PHAM THY THY,11.52779500000000,108.98931000000000,1
15557759,ULV South,CONG TY TNHH MTV TM TICH NGUYEN,13.77088620000000,109.22727819999997,1
15557758,ULV Central,CONG TY TNHH MTV THUONG MAI TICH NG,15.10139375000329,108.81080289999997,1
15505631,ULV South,CN MIEN NAM - KHO KERRY,10.81443600000002,106.67052400000000,1
15505633,ULV South,CN MIEN NAM - KHO NHA BE,10.65230600000001,106.72943100000000,1
15505632,ULV South,CN MIEN NAM - KHO VINH LOC,10.82660729999999,106.59351560000000,1
15539068,ULV South,CONG TY TNHH SX - TM TIN PHAT VIET,9.29259390000000,105.74697119999998,1
15173659,ULV South,CONG TY TNHH TOAN GIA MY,10.45801900000000,105.63349400000000,1
15178164,ULV South,CONG TY TNHH MTV TM TONG HOP KC,10.00451700000000,105.79872000000000,1
138,CRV NORTH,138 -TOPS MARKET ECO GREEN NGUYEN XIEN,20.98374870000000,105.80845960000002,1
110,CRV NORTH,110 - TOPS MARKET GARDEN MALL,21.01533689999999,105.77783200000002,1
132,CRV NORTH,132 - TOPS MARKET HO GUOM,20.97904360000000,105.78564790000001,1
135,CRV NORTH,135 - TOPS MARKET LE TRONG TAN,20.99968820000000,105.82835060000001,1
50100486,ULV South,CTY TNHH SAN PHAM TIEU DUNG TOSHIBA,10.86373100000000,106.77949300000000,1
50100379,ULV South,CTY CP XANG DAU DAU KHI TRA VINH,9.93709300000000,106.34302400000000,1
50100380,ULV South,CTY CP XANG DAU DAU KHI TRA VINH-,9.63316100000000,106.49757300000000,1
15297021,ULV South,CN CTY CP XANG DAU DAU KHI TRA VINH -,9.62857700000000,105.96468000000000,1
15110984,ULV South,CN CTY CP XANG DAU DAU KHI TRA VINH,9.62869300000000,105.96484700000000,1
15375833,ULV South,CONG TY TNHH TRAM ANH LA - HPC,10.91077570602686,106.38477769999997,1
15613965,ULV South,CONG TY TNHH TRAM ANH LA,10.66366080000000,106.50538000000000,1
15196115,ULV South,CN2-DNTN TRAN THI HOA,10.95243600000000,107.00164900000000,1
50100411,ULV South,CTY TNHH TM DV TRAN THI KHUE,9.34736300000000,105.17268200000000,1
15420260,ULV South,CONG TY TNHH TRAN TU LONG AN,10.56114831817451,106.54202559999999,1
15501918,ULV South,CONG TY TNHH TRAN TU LONG AN,10.35459961999700,105.38025449999999,1
15324473,ULV South,CONG TY TNHH TMDV TONG HOP TRANG - TRANG,11.82271200000000,108.20216700000000,1
50100366,ULV South,DNTN LAM TRI DUNG,10.40760000000000,106.11773300000000,1
15228843,ULV South,CONG TY TNHH TRI KING,10.73579500000000,106.65117400000000,1
18023935,ULV South,TCR - KINGFOOD - HCM,10.86917389999999,106.56001750000001,1
15097295,ULV South,HOP TAC XA THUONG MAI QUAN 3,10.80094300000000,106.66089500000000,1
50100203,ULV South,HOP TAC XA THUONG MAI QUAN 3,10.80121800000000,106.65302400000000,1
50100373,ULV South,CTY CP TM TRUC GIANG BEN TRE,10.04683600000000,106.59198500000000,1
50100374,ULV South,CTY CPTM TRUC GIANG,10.18996200000000,106.69153800000000,1
15129264,ULV South,CN CTY CPTM TRUC GIANG BEN TRE-MOCAYNAM,10.12670200000000,106.33306500000000,1
15262498,ULV North,TRUNG TAM PHAN PHOI MIEN BAC,21.13256600000000,105.99518400000000,1
15321803,ULV South,CONG TY TNHH TM & PHAN PHOI TRUNG THAO,10.37312500000000,105.44535100000000,1
15179354,ULV South,CONG TY TNHH MTV TM DICH VU TRUONG HUY,11.87359800000000,106.88144100000000,1
15485548,ULV South,CONG TY TNHH TRUONG TIN SA DEC,10.28181239999999,105.74387160000003,1
15303590,ULV South,CONG TY TNHH TRUONG TIN SA DEC,10.30517600000000,105.74533900000000,1
15483171,ULV South,CONG TY TNHH QUANG CAO - TRUYEN THONG SEN,10.78648700000002,106.68958099999998,1
15609993,ULV South,CONG TY TNHH MTV TUAN HAN,11.97430110000000,108.45262780000000,1
15620847,ULV South,DOANH NGHIEP TU NHAN BACH HOA TUAN PHAT,9.61112099999999,105.98607720000000,1
50100512,ULV South,CONG TY TNHH TM TUONG LINH,11.96302200000000,108.42516000000000,1
16000809,ULV South,CTY TNHH DICH VU CHUOI CUNG UNG DHL (VN),10.91384100000001,106.74056940000003,1
16000810,ULV South,CTY TRACH NHIEM HUU HAN FM SUPPLY CHAIN VN,10.89700050000002,106.74639890000002,1
15373467,ULV South,CN CONG TY TNHH DOAN THI VAN ANH,10.94888900000000,107.00166700000000,1
15391895,ULV South,CONG TY TNHH THUONG MAI DICH VU VIEN ANH,10.79973500000000,106.58504110000001,1
50100331,ULV South,CONG TY TNHH NAM VIET DO,10.80330200000000,106.70722600000000,1
15110407,ULV South,CONG TY TNHH NAM VIET DO - HOC MON,10.86111900000000,106.56270300000000,1
50100128,ULV South,CONG TY TNHH TM VIET TIEN,12.25483300000000,109.16340400000000,1
15221139,ULV South,CHI NHANH DOANH NGHIEP TU NHAN THUONG,12.49796700000000,109.11958400000000,1
50100129,ULV South,DNTN TM VIET TIEN,12.50255400000000,109.10632300000000,1
15557937,ULV South,VINADU - HCM,10.86297430000001,106.63672769999997,1
15190425,ULV South,CONG TY TNHH THUONG MAI DICH VU,9.98647800000000,105.10349100000000,1
15247297,ULV South,CONG TY TNHH TM DV VINH HIEP-PHU QUOC,10.22355700000000,103.96593000000000,1
15299652,ULV South,CTY TNHH VINH HONG PHAT,10.23571500000000,105.98898500000000,1
15260114,ULV South,CTY TNHH VINH NGA LAM DONG,11.59500400000000,108.08021600000000,1
15477305,ULV South,CONG TY TNHH MTV TM NHUA VINH PHAT,10.75981769999999,106.62632699999995,1
18022200,ULV South,CONG TY TNHH PHAN PHOI VINH PHUC,10.89320680000001,106.29340600000000,1
15501150,ULV South,CONG TY TNHH VINH SON,10.64374210000000,107.26072890000000,1
15147858,ULV South,CTY TNHH TM DV VINH TUONG HUNG,10.73779600000000,106.62883700000000,1
15434681,ULV South,VINMART BIEN HOA,10.95733810040434,106.84511279999998,1
15252413,ULV South,VINMART - MAXI CAM RANH,11.91837600000000,109.15226700000000,1
15252414,ULV South,VINMART - MAXI CONG HOA,10.80068600000000,106.65746800000000,1
15252415,ULV South,CN KHANH HOA CTY CPDV TMTH VINCOMMERCE,12.24833800000000,109.18661100000000,1
15252416,ULV South,CN NINH THUAN CTY CPDV TMTH VINCOMMERCE,11.56412500000000,109.01262800000000,1
15252412,ULV South,VINMART - MAXI 3-2,10.77698500000000,106.68098900000000,1
15346409,ULV North,VINMART BA TRIEU,21.01110500000000,105.84956400000000,1
15523698,ULV South,CN BAC LIEU - CTY CPDV TMTH VINCOMMERCE,9.28616840000002,105.72118099999997,1
15404252,ULV North,VINMART BAC NINH,21.17827387258631,106.07225027976229,1
15346404,ULV North,VINMART BAC TU LIEM,21.05280800000000,105.78091200000000,1
15404358,ULV South,VINMART BAU CAT,10.78661110000001,106.64501860000003,1
15253729,ULV South,VINMART BIEN HOA,10.95684900000000,106.84717700000000,1
15260725,ULV South,VINMART BINH DUONG - KHO SO 20,10.91454000000000,106.73986000000000,1
15498987,ULV South,VM BINH TRUNG,10.78471330000000,106.75747980000000,1
15480359,ULV North,VINMART CAM PHA,21.02864492692614,107.27941209999997,1
15523702,ULV South,VINMART CAO LANH,10.46369079999999,105.63420439999999,1
15448183,ULV North,VINMART CAU GIAY,21.02748129999998,105.78611430000000,1
15452550,ULV South,VINCOMMERCE BINH DUONG BRANCH,10.89584240913300,106.76188765000003,1
15403892,ULV North,VINMART DAI DONG-KHO DAI DONG,21.09105713128089,105.99901019999997,1
15410857,ULV North,VINMART DAI LA,20.99378150000000,105.84668750000001,1
15346410,ULV North,VINMART DAN PHUONG,21.08357700000000,105.67228000000000,1
15481564,ULV South,VINMART DI AN 2,10.90441196868339,106.74882100000002,1
15411170,ULV North,VINMART DOI CAN,21.03362709597963,105.82112049477317,1
15369841,ULV North,Vinmart Gardenia,21.03596100000000,105.76052200000000,1
15535273,ULV South,CHI NHANH GIA LAI - CTY CPDV TMTH,13.96592212192254,108.00217130000001,1
15410858,ULV North,VINMART HA DONG 2,20.97244640000000,105.77702840000003,1
15357773,ULV North,VINMART HA HUY TAP HA TINH,18.33758500000000,105.89566900000000,1
15346401,ULV North,VINMART HOAI DUC,21.07489100000000,105.70094600000000,1
15367220,ULV North,VINMART HOANG CAU,21.01648900000000,105.82270900000000,1
15410854,ULV North,VINMART HOANG QUOC VIET,21.04662330000000,105.79659329999997,1
15342582,ULV South,VINMART ICD BINH DUONG - KHO CHUTEX,10.91516700000000,106.74092700000000,1
15418094,ULV North,VINMART IMPERIA HAI PHONG,20.86289490000000,106.66149389999997,1
15253825,ULV South,VINMART KHANH HOI,10.75546300000000,106.70104300000000,1
15411171,ULV North,VINMART LA THANH,21.02430265178780,105.81291260000003,1
15404362,ULV South,VINMART LANDMARK 81,10.79924390000002,106.71835729999998,1
15419531,ULV North,VINMART LE DUC THO,21.02961740547214,105.76888729999997,1
15404363,ULV South,VINMART LE VAN VIET,10.84725320000000,106.77624540000000,1
15412994,ULV North,VINMART LIEU GIAI,21.03530200000000,105.81939100000001,1
15418096,ULV North,VINMART LINH DAM,20.97504880759491,105.83975605000000,1
15346408,ULV North,VINMART LONG BIEN,21.05097400000000,105.91654900000000,1
15434679,ULV South,VINMART LONG THANH,10.78417949999999,106.95041770000000,1
15418097,ULV North,VINMART LUONG YEN,21.01143420000002,105.86339779999999,1
15411179,ULV North,VINMART LY THAI TO,21.02758474923673,105.85269434999998,1
15432307,ULV North,VINMART MONG CAI,21.52688124513740,107.96761321137695,1
15434680,ULV South,VINMART MY PHUOC,11.11769086552180,106.59098680000000,1
15404366,ULV South,VINMART NAM LONG,10.74401849999999,106.73263229999998,1
15346402,ULV North,VINMART NGUYEN CHI THANH,21.02360700000000,105.80912400000000,1
15411178,ULV North,VINMART NGUYEN VAN CU 2,21.04943754081616,105.87872129999998,1
15410853,ULV North,VINMART NHAT TAN,21.07642020000000,105.82609429999996,1
15534374,ULV North,VINMART OCEAN PARK,20.99029320000000,105.94277390000000,1
15346407,ULV North,VINMART PHAM NGOC THACH,21.00630400000000,105.83196400000000,1
15253822,ULV South,VINMART PHAN VAN TRI,10.82697900000000,106.68928600000000,1
15480357,ULV North,VINMART PHU THO,21.40525320000001,105.21216750000000,1
15260726,ULV South,VINMART-Q12,10.83256100000000,106.61269800000000,1
15346751,ULV South,VINMART QUAN 9,10.84567200000000,106.77912900000000,1
15367221,ULV North,VINMART QUAN NHAN,20.99740300000000,105.80973200000000,1
15346399,ULV North,VINMART ROYAL CITY,21.01960700000000,105.84524200000000,1
15523701,ULV South,CN DONG THAP - CTY CPDV TMTH VINCOMMERCE,10.29341580000000,105.76325450000002,1
15448182,ULV North,VINMART SKYLAKE,21.01830100000000,105.77997200000001,1
15480358,ULV North,VINMART THAI HOA,19.30985449999999,105.43902540000000,1
15410856,ULV North,VINMART THAI THINH,21.00729380000001,105.82123489999998,1
15346405,ULV North,VINMART THANG LONG,21.03845700000000,105.79292500000000,1
15388544,ULV North,VINMART THANH HOA,19.80669200000003,105.78518160000000,1
15253824,ULV South,VINMART THAO DIEN,10.80268900000000,106.74031600000000,1
15253823,ULV South,VINMART THU DUC,10.85095200000000,106.76479400000000,1
15412995,ULV North,VINMART THUY KHUE,21.04089400000000,105.82773099999997,1
15346398,ULV North,VINMART TIMES CITY,20.99171300000000,105.86944500000000,1
15346753,ULV North,VIN-TONG KHO-BN,21.09403600000000,105.96532700000000,1
15448184,ULV North,VINMART TRAN DUY HUNG,21.01124932924176,105.80040610000002,1
15411172,ULV North,VINMART TRANG AN,21.04395310000001,105.80265559999996,1
15412992,ULV North,VINMART TRUC KHE,21.01722995807551,105.81113000000002,1
15346406,ULV North,VINMART TRUNG HOA,21.00799400000000,105.80454700000000,1
15411168,ULV North,VINMART TRUNG YEN,21.01436620000000,105.79622390000001,1
15411175,ULV North,VINMART TRUONG CHINH,20.99977960000001,105.83700659999998,1
15411169,ULV North,VINMART TRUONG DINH,20.97992660000003,105.84516480000000,1
15357774,ULV North,VIN-UONG BI,21.03249800000000,106.76308900000000,1
15346400,ULV North,VIN-VQUAN-HN,20.97058600000000,105.78917700000000,1
15523699,ULV South,CN HAU GIANG - CTY CPDV TMTH VINCOMMERCE,9.77486980207896,105.45386635000001,1
15523700,ULV South,CN VINH LONG - CTY CPDV TMTH VINCOMMERCE,10.24554129999999,105.97786470000000,1
15411174,ULV North,VINMART VO THI SAU,21.00580260000001,105.85490490000000,1
15412993,ULV North,VINMART VU TRONG PHUNG,20.99999020000001,105.80750900000002,1
15346403,ULV North,VIN-XALA-HN,20.96368000000000,105.79174200000000,1
15410852,ULV North,VINMART XUAN DIEU,21.06410839999997,105.82803190000001,1
15434684,ULV South,VINMART XUAN KHANH,10.02950860000000,105.77993080000000,1
15481562,ULV North,VINMART XUAN LA,21.05991744267770,105.80258289999999,1
15448185,ULV North,VINMART YEN SO,20.96497236789116,105.86193139999999,1
15503330,ULV South,VINMART BINH DUONG - KHO 20 VM+,10.91600175117303,106.74067229999999,1
15179087,ULV South,DOANH NGHIEP TU NHAN VO THI KIM UYEN,10.41571200000000,106.25809800000000,1
V101,ULV South,VSIP DC South,10.92536624039595,106.73251552859020,1
15369925,ULV South,WELLNESS VAN HANH MALL,10.77256300000000,106.66799800000000,1
15613994,ULV Central,KHO DC DA NANG,16.08405127392906,108.13823736032715,1
15632702,ULV South,DC BINH DUONG - WM,11.07382230000000,106.68416140000000,1
15613993,ULV South,KHO DC BINH DUONG,11.07391290000001,106.68421020000000,1
15632103,ULV North,WMP - DC HUNG YEN,21.08341050000000,105.99761480000000,1
15115467,ULV South,CTY TNHH 1TV XUAN PHAT DAT,10.25036900000000,105.93180100000000,1
18027661,ULV South,CONG TY TNHH MTV XUAN PHAT DAT VL,10.24330300000002,105.92662450000000,1
15480656,ULV South,CONG TY TNHH TM DV XUAN VAN,10.77161240000001,106.76843580000002,1
15177883,ULV South,CONG TY TNHH Y GIANG,10.82335000000000,106.45687600000000,1
